user_id,name,age,country,signup_date
1,Emily Ray,24,Faroe Islands,2024-04-20
2,Andrew Miller,22,South Georgia and the South Sandwich Islands,2024-07-22
3,Christian Cross,32,Djibouti,2024-02-06
4,William Thompson PhD,39,South Africa,2025-01-28
5,Timothy Munoz,27,Australia,2023-07-23
6,Robert Evans,32,Turkmenistan,2024-08-16
7,Scott Hughes,39,Finland,2023-10-20
8,Tonya Morris,29,Armenia,2024-02-26
9,Mary Richardson,60,Zimbabwe,2024-05-18
10,Dennis Mendoza,34,Moldova,2024-02-16
11,Mary Becker,57,Argentina,2024-07-21
12,Brad Castro,52,Tuvalu,2023-09-03
13,Susan Brown,57,Hungary,2025-02-25
14,Philip Doyle,33,Lebanon,2023-04-17
15,Sarah Kelley,31,Guernsey,2024-05-14
16,Lisa Wells,60,Tanzania,2024-11-28
17,Sarah Brown,42,Poland,2024-09-29
18,James Mcmahon,50,Isle of Man,2023-09-27
19,Richard Long,42,Christmas Island,2023-05-10
20,Rodney Vincent,23,Uzbekistan,2024-07-28
21,Anna Salas,56,Northern Mariana Islands,2025-01-25
22,Melissa Morgan,44,French Guiana,2024-03-23
23,Jason Rodriguez,46,Bolivia,2023-05-30
24,Deborah Duffy,37,Bosnia and Herzegovina,2024-11-26
25,Natalie Perkins,57,Cameroon,2024-02-02
26,Teresa Schaefer,53,Latvia,2023-12-18
27,Cameron Blevins,33,Moldova,2024-01-11
28,Bethany Larson,31,Greenland,2023-04-21
29,Mark Carlson,21,Ireland,2024-02-11
30,Linda Lee,60,Western Sahara,2023-06-29
31,Jessica Peck,46,Armenia,2023-07-04
32,Scott Erickson,28,Netherlands Antilles,2023-05-26
33,Jacqueline Ayala,56,Armenia,2023-09-19
34,Tracy Cooper,47,Macao,2023-03-19
35,Thomas Diaz,34,Monaco,2024-06-07
36,Ashley Forbes,55,Svalbard & Jan Mayen Islands,2023-04-19
37,Joshua Larsen,19,Moldova,2023-08-16
38,Lawrence Owen,49,Wallis and Futuna,2024-09-03
39,Jennifer Velazquez,28,Luxembourg,2024-07-01
40,Justin Martin,20,New Caledonia,2024-12-24
41,Jamie Dean,39,Liechtenstein,2023-09-16
42,Karen Graham,32,Uzbekistan,2023-07-30
43,Eric Johnston,19,Oman,2024-12-30
44,Claudia Graves,29,Mongolia,2023-05-11
45,Amanda Rowland,46,Trinidad and Tobago,2024-08-16
46,Joseph Campbell,54,Kazakhstan,2023-12-28
47,John Snyder,23,Marshall Islands,2024-05-21
48,Rita Garcia,20,Turkey,2024-03-09
49,Ryan Herrera,34,Croatia,2023-10-04
50,Terry Mendoza,51,Peru,2023-12-09
51,Matthew Baxter,38,Slovenia,2025-02-21
52,Sarah Smith,55,Turks and Caicos Islands,2023-09-10
53,Mark Sanchez,52,French Polynesia,2023-10-18
54,Anne Thomas,37,Cyprus,2025-01-02
55,Toni Ross,32,Korea,2024-12-29
56,Daniel Stewart,55,Guinea,2023-07-06
57,John Lopez,30,Montserrat,2024-08-23
58,Brian Nunez,40,Tanzania,2023-07-30
59,Kimberly Matthews,51,Norfolk Island,2024-06-02
60,Karen Schaefer,42,Benin,2025-03-02
61,Cory Weaver,55,Benin,2023-07-19
62,James Mccormick,34,Faroe Islands,2023-09-05
63,Faith Rivera,52,Malaysia,2024-10-25
64,Harold Brooks,43,Japan,2023-10-04
65,Nathan Randolph,19,French Guiana,2024-06-28
66,Elizabeth Thompson,18,Barbados,2025-01-24
67,Annette Higgins,48,Nauru,2024-01-13
68,Marcus Hernandez,24,Tuvalu,2023-07-26
69,Leonard Lee,58,Chile,2024-02-08
70,Brian Bryant,34,Gambia,2023-06-19
71,Ryan Moore,54,Tuvalu,2025-02-14
72,Heather Drake,31,British Virgin Islands,2024-01-10
73,Rose Moore,28,Tunisia,2023-12-17
74,Deborah Ellis,60,Qatar,2023-06-22
75,Mrs. Jacqueline Johnson,46,Cook Islands,2024-10-01
76,Steven Moyer,54,Northern Mariana Islands,2024-02-10
77,Kevin Young,52,Latvia,2024-09-22
78,Michael Riley,50,Chile,2023-04-10
79,John Carroll,23,Moldova,2023-06-20
80,Craig Rodriguez,55,Slovakia (Slovak Republic),2024-12-15
81,Mark Lara,34,Poland,2023-06-11
82,Amanda Russo,53,Benin,2024-06-13
83,Sharon Mendoza,22,Cyprus,2023-08-01
84,Jessica Schwartz,57,Cuba,2024-06-15
85,Lori Bell,37,Tuvalu,2024-05-14
86,Debra Hughes,32,Afghanistan,2024-03-24
87,Kelsey Hunter,46,Guatemala,2024-12-28
88,David Kelly,18,Iran,2023-06-11
89,James Jackson,27,Sri Lanka,2024-05-11
90,Andrew Turner,40,Isle of Man,2023-04-29
91,Tina Jackson,47,Saint Pierre and Miquelon,2023-08-06
92,Gavin Christensen,20,France,2025-01-10
93,Andre Rodriguez,26,Honduras,2023-03-19
94,Scott Golden,47,Cocos (Keeling) Islands,2024-03-04
95,Krystal Alexander,20,Mayotte,2025-02-04
96,Susan Rios,22,France,2023-06-19
97,Steven Martinez,24,Bangladesh,2024-05-03
98,Jeremy Thomas,59,Mali,2024-07-29
99,Lisa Jackson,18,Wallis and Futuna,2024-03-08
100,Stanley Barber,41,Indonesia,2023-09-23
101,Mark Evans,45,Italy,2023-12-16
102,Holly Reyes,47,United Kingdom,2024-02-11
103,John Thomas,37,Afghanistan,2024-04-16
104,Tiffany Alvarado,60,Dominica,2024-06-20
105,Brittany Trujillo,24,Pakistan,2023-04-18
106,Angela Hawkins,46,Yemen,2024-12-23
107,Jordan Hooper,50,Ethiopia,2023-05-16
108,Jordan Schmidt,23,South Africa,2023-04-10
109,Martin Williams,32,Azerbaijan,2025-02-10
110,Elaine Parks,58,Burkina Faso,2024-08-31
111,Nicole Weber,35,French Southern Territories,2025-02-23
112,Joseph Medina,47,Liechtenstein,2024-04-12
113,Brenda Smith,56,Brazil,2024-01-04
114,Thomas Hughes,44,Angola,2024-10-31
115,Zachary Johnson,40,Argentina,2025-01-12
116,Diane Webster,26,Canada,2023-05-05
117,Jenna Ali,46,Sweden,2024-11-10
118,Sarah Cox,41,Palestinian Territory,2024-05-18
119,Brad Mendoza,53,Norway,2024-05-14
120,Ashley Clayton,52,American Samoa,2024-06-10
121,Luis Stevenson,38,Tunisia,2023-07-01
122,Mr. Mike Melton,45,Thailand,2023-08-16
123,Hector Jones,30,Liechtenstein,2023-09-06
124,Heather Hopkins,31,United States Virgin Islands,2024-02-10
125,Adrienne Vasquez,25,Namibia,2023-09-27
126,Catherine Gonzalez,31,Saudi Arabia,2024-04-04
127,Angelica Montgomery,40,Samoa,2023-08-27
128,David Mercado,38,Saint Lucia,2024-10-20
129,Cameron Davis,33,Christmas Island,2024-11-22
130,Joshua Russo,44,Kiribati,2023-04-27
131,Jose Munoz,38,Libyan Arab Jamahiriya,2024-01-09
132,Norman Rodriguez,34,Venezuela,2023-05-03
133,Lisa Mcdonald,41,Indonesia,2023-07-16
134,Matthew Kennedy,57,Djibouti,2023-07-18
135,Jennifer Taylor,20,Uganda,2023-07-26
136,Tracy Thompson,40,Moldova,2024-04-05
137,Jeffrey Figueroa,18,Turkmenistan,2025-01-02
138,Crystal Taylor,43,Faroe Islands,2024-12-22
139,Stephen Rose Jr.,38,Saudi Arabia,2024-08-08
140,Spencer Rush,40,Finland,2024-09-18
141,Christopher Nicholson,53,Sao Tome and Principe,2023-10-06
142,Anita Weber,34,Tonga,2023-06-27
143,Maria Wilkins,43,Israel,2023-05-18
144,George King,57,Mali,2024-01-21
145,Cynthia Lee,21,Angola,2023-07-24
146,Julia Clark,30,Cambodia,2023-03-08
147,Theresa Fields,48,United Kingdom,2024-03-24
148,Jonathan Simmons,59,Pitcairn Islands,2023-09-04
149,Timothy Crawford,39,Bahamas,2024-08-03
150,Nicole Moreno,22,Pitcairn Islands,2025-01-25
151,Dr. Heidi Jones,20,Turkey,2024-08-27
152,Brittany Perez,20,Andorra,2024-02-22
153,Bryan Krueger,18,Serbia,2023-04-08
154,Allison Jones,33,Cameroon,2024-09-21
155,Glenn Zimmerman,45,Mongolia,2024-04-04
156,Amanda Owens,42,Colombia,2023-09-01
157,Christine Kennedy,60,Italy,2023-08-21
158,Carmen Smith,39,Pakistan,2024-03-15
159,Scott Snow,44,Dominican Republic,2024-01-31
160,Jessica Rasmussen,58,Morocco,2024-05-01
161,Connie Wilson,60,Thailand,2024-04-15
162,Sarah Griffin,43,Armenia,2024-01-12
163,Robin Chambers,44,Niue,2024-12-28
164,Barbara Perez,56,Andorra,2025-01-31
165,Kelsey Perez,41,Qatar,2023-10-09
166,Colton Reed,39,Trinidad and Tobago,2023-07-16
167,Angela Washington,50,Ethiopia,2024-10-11
168,Lynn Hopkins,30,Tanzania,2023-09-04
169,Dennis Barker,59,Togo,2024-07-10
170,Brian Vaughn,52,Greece,2024-01-02
171,Edward Adams,43,Georgia,2023-12-31
172,Vanessa Andrews,19,Taiwan,2023-11-01
173,Matthew Hardy,19,Dominican Republic,2023-07-01
174,Kathleen Dorsey,47,Bouvet Island (Bouvetoya),2024-12-25
175,Kristen Davis,48,Morocco,2023-09-22
176,Philip Case,40,Ghana,2025-01-24
177,Barbara Jackson,48,Central African Republic,2024-12-27
178,Heather Jones,60,Jamaica,2023-05-06
179,Caitlin Fields,55,Tanzania,2024-11-01
180,Johnny Johnson,31,Malta,2023-05-13
181,Justin Carroll,41,Ethiopia,2025-01-22
182,Hector Middleton,19,Luxembourg,2023-12-06
183,Michael Leach,57,Burkina Faso,2023-12-04
184,Andrea Long,54,Gambia,2023-04-28
185,Sharon Brown,29,Congo,2023-08-27
186,Jose Porter,31,Timor-Leste,2023-10-25
187,Clayton Lewis,28,Lesotho,2025-01-14
188,Eric Rivera,26,Maldives,2023-05-29
189,Misty Sanchez,27,Croatia,2024-07-14
190,Jennifer Cook,35,Congo,2023-03-21
191,Alexis Miller,58,Seychelles,2024-10-04
192,Michael Garcia,27,Armenia,2023-03-28
193,Megan Walls,31,South Africa,2025-02-09
194,Kelly Ramirez,52,Tonga,2024-06-29
195,Pamela Palmer,56,Nigeria,2025-01-21
196,Jasmine Morgan,20,Bouvet Island (Bouvetoya),2023-03-20
197,Jacob Schwartz,59,Saint Lucia,2023-11-19
198,Derek Buck,19,Honduras,2023-03-26
199,Kari Collins,41,Norway,2024-05-18
200,Courtney Hunter,25,Comoros,2024-05-09
201,Valerie Larson,46,Estonia,2023-12-18
202,Justin Martin,18,San Marino,2024-07-19
203,Peter Hall,41,Turkmenistan,2024-05-28
204,Terri Rodgers,25,Iran,2023-06-21
205,Amber Davis,20,Barbados,2024-03-11
206,Katelyn Clay,39,South Georgia and the South Sandwich Islands,2024-04-02
207,Tyler Charles,34,Saint Barthelemy,2023-11-21
208,Anthony Mayer,55,Eritrea,2023-07-30
209,Shane Macias,48,France,2024-07-10
210,Randy Griffin,56,Iceland,2024-09-25
211,Julia Ayala,50,Lao People's Democratic Republic,2024-09-01
212,Lisa Gaines,27,Isle of Man,2024-08-30
213,John Peters,43,Algeria,2024-10-24
214,Connor Baker,43,Benin,2023-05-15
215,Joshua Schmidt,41,Aruba,2024-03-06
216,Joel Rodriguez,28,Tajikistan,2024-01-30
217,Christopher Fox,36,Bangladesh,2025-01-24
218,Cynthia Castaneda,18,Sri Lanka,2023-10-30
219,Wendy Mitchell,25,Portugal,2023-10-08
220,Andrew Scott,58,American Samoa,2025-02-25
221,Kristin Mckenzie,38,Sri Lanka,2024-06-14
222,Chelsey Rodriguez,45,Mexico,2024-10-10
223,Donna Thompson,18,Guinea,2024-01-27
224,Carla Peters,36,Thailand,2024-03-20
225,Deborah Harrington,22,Cote d'Ivoire,2024-04-24
226,Crystal Byrd,27,Mauritania,2024-11-02
227,Louis Myers,18,Mauritania,2023-09-01
228,Michael Matthews,43,Netherlands Antilles,2023-11-19
229,Tara Carson,42,Saint Helena,2024-08-01
230,Kari Harper,35,Slovenia,2024-03-05
231,Jennifer Gonzales,18,Denmark,2024-07-12
232,William Graham,25,United Arab Emirates,2024-10-17
233,Mary Buckley,33,Cocos (Keeling) Islands,2024-05-12
234,Anthony Dodson,42,Saudi Arabia,2024-06-07
235,Eric Guerrero,49,Cape Verde,2023-06-02
236,Angela Alexander,20,Slovenia,2023-09-25
237,Michael Cox,51,Uzbekistan,2023-11-04
238,Matthew Porter MD,23,Niue,2024-06-16
239,Timothy Mejia,22,British Virgin Islands,2024-02-05
240,Dominique Gibson,37,Indonesia,2024-08-09
241,Jeremy Montgomery,40,Burkina Faso,2025-02-21
242,Kenneth Scott,41,Papua New Guinea,2024-03-27
243,Robert Chen,43,Malaysia,2024-01-29
244,Christopher Hardy,56,France,2024-02-09
245,Levi Campbell,56,Jersey,2024-07-21
246,Michael Johnson,36,Samoa,2024-01-07
247,Pamela Salazar,39,Finland,2024-02-27
248,Ronald Cooper,32,Korea,2023-11-29
249,Carlos Crawford,23,Moldova,2023-04-14
250,Tony Edwards,55,Western Sahara,2023-12-28
251,Shawn Cameron,22,Belarus,2023-10-30
252,Michael Elliott,36,Bosnia and Herzegovina,2025-02-23
253,Colton Davis,54,Serbia,2024-07-07
254,David Gray,47,Ecuador,2024-12-03
255,Robin Oliver,40,Latvia,2024-05-01
256,Nicholas Graves,40,Egypt,2023-06-25
257,Jodi Garcia,53,Saint Lucia,2024-03-05
258,Scott Parker,30,Mauritius,2025-02-09
259,Angel Nguyen,53,Czech Republic,2023-09-19
260,Anthony Salazar,24,France,2024-12-19
261,Allen Becker,23,Gibraltar,2023-04-24
262,Daniel Gray,26,Chile,2023-04-09
263,Christina Green,37,Congo,2024-01-22
264,Cristian Chavez,57,Bahrain,2024-06-26
265,David Curtis,26,Timor-Leste,2024-11-18
266,Rebecca Clark,54,Gambia,2023-04-25
267,Michelle Garcia,21,Cook Islands,2023-10-07
268,Richard Mejia MD,52,Gabon,2023-11-19
269,Ebony Phelps,24,El Salvador,2025-02-13
270,Mark Hanna,58,Colombia,2025-02-14
271,Nicholas Moore,36,Mozambique,2024-01-12
272,Alejandro Williamson,33,Pakistan,2023-08-01
273,Jose Fernandez,53,Angola,2024-09-24
274,Shawn Gallagher,56,Equatorial Guinea,2023-08-24
275,Todd Bailey,25,Oman,2024-04-30
276,Jonathan Sanchez,49,Somalia,2023-10-13
277,Mark Mcbride,35,Gibraltar,2024-06-11
278,Laura Good,35,Guinea-Bissau,2023-08-20
279,Brittany Phelps,47,Poland,2024-09-19
280,Matthew Thompson,26,Turkey,2023-10-05
281,Lisa Bishop,24,Vanuatu,2024-09-12
282,Nathan Lee,29,Madagascar,2024-01-15
283,Miguel Webb,31,Bahamas,2024-03-14
284,Robert Mckee,40,Swaziland,2024-01-28
285,Lisa Bauer,55,Saint Martin,2025-02-02
286,Denise Bell,19,Gibraltar,2025-01-19
287,Joseph Whitaker,27,Chile,2023-11-01
288,Emily Webb,26,Guinea-Bissau,2023-05-26
289,Frank Jennings,46,Cambodia,2024-11-28
290,Pedro Thomas,51,Comoros,2023-10-09
291,Kari Clay,19,Cyprus,2023-06-13
292,Lindsey Harris,30,Monaco,2024-02-19
293,Haley Gilbert MD,47,Tuvalu,2025-01-12
294,Raymond Berry,57,Puerto Rico,2023-10-15
295,Carrie Bradford,48,Egypt,2023-04-07
296,Mark Parker,51,Burundi,2023-08-10
297,Julie Montgomery,28,Sierra Leone,2023-04-25
298,Julie Weaver,39,South Africa,2023-12-26
299,Stephen White,38,Togo,2024-05-20
300,Patrick Harper,41,Central African Republic,2024-12-12
301,Angela Howard,50,New Zealand,2024-06-12
302,Jennifer Mcguire,53,Monaco,2023-06-25
303,Carrie Lowery,29,Chile,2024-11-06
304,Andrew Taylor,51,Montserrat,2023-07-04
305,Pamela Potter,47,Kenya,2024-09-22
306,Melissa Rogers,30,Ireland,2024-01-18
307,William Rivera,37,Mozambique,2024-10-10
308,David Lopez,52,Saudi Arabia,2023-08-19
309,Patrick Hunt,34,Botswana,2025-02-15
310,Andrea Ellison,53,Uzbekistan,2024-04-12
311,Anthony Duncan,29,Bosnia and Herzegovina,2024-08-16
312,Ethan Miller,42,Myanmar,2023-07-02
313,Ronald Smith III,59,French Southern Territories,2024-08-09
314,Kimberly Lowe,30,Sri Lanka,2024-09-11
315,Lisa Malone,18,San Marino,2024-01-31
316,Lisa Reed,57,Fiji,2024-05-29
317,Diana Sullivan,57,Togo,2024-09-03
318,Deborah Gonzales,24,Slovenia,2024-02-10
319,Jessica Medina,22,Cameroon,2024-04-05
320,Lee Gutierrez,47,Switzerland,2024-03-09
321,Anthony Fisher,52,Tuvalu,2023-08-08
322,Linda Johnson,58,Georgia,2023-04-27
323,Erin Pollard,60,Mozambique,2024-01-08
324,Bruce Blair,31,Eritrea,2024-11-19
325,Jennifer King,21,Botswana,2024-05-16
326,Antonio Morton,52,Bahamas,2023-10-15
327,Mary Nelson,36,Saudi Arabia,2024-06-09
328,Lauren Ramirez,35,Somalia,2023-06-16
329,Elizabeth Ramirez,19,Mayotte,2024-08-07
330,Donna Nelson,31,South Africa,2024-05-15
331,Kyle Jackson,20,Japan,2023-06-08
332,Lisa Clayton,34,Saint Martin,2025-02-15
333,Mr. Matthew Payne,54,Vanuatu,2023-05-04
334,Joel Lawrence,60,Uruguay,2023-11-28
335,Hannah Mitchell,27,Equatorial Guinea,2023-03-19
336,Jennifer Ramos,20,Puerto Rico,2023-08-19
337,Richard Nguyen,41,San Marino,2024-03-19
338,Andrew Martinez,45,Zambia,2024-11-30
339,Brittany Duncan,36,United States Virgin Islands,2024-05-12
340,Tonya Harris,18,Yemen,2023-10-09
341,Kimberly Martin,56,Vietnam,2024-03-28
342,Susan Colon,34,Botswana,2024-06-09
343,Ryan Wilson,35,Zimbabwe,2024-04-11
344,Emily Williams,25,Equatorial Guinea,2023-07-09
345,Erica Ramos,54,Qatar,2024-11-14
346,Richard Adams,22,Singapore,2023-05-02
347,Derek Hill,34,New Caledonia,2024-01-02
348,Elizabeth Gray,43,United Arab Emirates,2025-02-09
349,Daniel Jones,52,Poland,2023-07-25
350,Caroline Graham,31,Aruba,2023-09-11
351,Mark Mayer,37,Brunei Darussalam,2025-01-31
352,Dr. Justin Castro,31,Cayman Islands,2023-05-28
353,Terri Miller,23,French Guiana,2024-05-26
354,Mrs. Robin Nielsen PhD,36,Mongolia,2023-05-18
355,Christopher Martinez,20,Romania,2023-05-24
356,Brandy Tate,43,Ghana,2024-09-05
357,Kelsey Morales,28,American Samoa,2023-03-06
358,Peter Ball,32,Saint Martin,2023-06-23
359,Wayne Murray,60,Poland,2024-09-20
360,Crystal Stone,50,Romania,2023-11-11
361,Sarah Hunt,41,Angola,2023-04-23
362,Sean Black,51,French Guiana,2025-01-08
363,Felicia Kidd,22,Croatia,2024-11-12
364,Crystal Buckley,26,Montenegro,2024-08-15
365,Danielle Rodriguez MD,43,Togo,2023-10-27
366,Jill Butler,50,Bangladesh,2024-06-24
367,Amy Koch,36,Ecuador,2024-02-12
368,Jessica Humphrey,42,Faroe Islands,2025-01-29
369,Tiffany Villarreal,21,Ecuador,2023-11-29
370,Laura Rodriguez,40,Nauru,2024-07-30
371,John Davis,22,Kazakhstan,2024-11-26
372,Jeffrey Collins,51,Bulgaria,2024-04-26
373,William Bean,43,Saint Pierre and Miquelon,2023-03-07
374,Hannah Garcia,50,Brunei Darussalam,2024-05-08
375,Renee Brown,35,Nigeria,2023-06-05
376,Holly Collins,33,Israel,2024-12-15
377,Amanda Gregory,25,Sri Lanka,2024-08-08
378,Casey Brown,46,Western Sahara,2025-02-01
379,Russell Hancock,58,Paraguay,2024-10-01
380,Heidi Reid,24,France,2024-01-04
381,Heather Huff,58,New Caledonia,2024-10-24
382,Joseph Wilson,28,Eritrea,2023-07-16
383,William Walker,34,Peru,2024-02-27
384,Joy Richardson,29,Iceland,2024-08-02
385,Richard Hughes,26,Korea,2024-03-13
386,Savannah Freeman,58,United States Minor Outlying Islands,2024-03-08
387,Dustin Cabrera,31,North Macedonia,2025-01-03
388,Erik Obrien,53,Tajikistan,2024-07-08
389,Christopher Dunn,59,Malaysia,2023-10-11
390,James Jones,36,Congo,2024-08-24
391,Stephen Knight,25,Tonga,2023-11-02
392,Frederick Huang,36,Yemen,2023-09-15
393,Thomas Young,39,Eritrea,2023-10-24
394,Jessica Graham,42,Kazakhstan,2023-07-29
395,Charles Floyd,25,United Arab Emirates,2024-06-24
396,Marvin Rodriguez,40,Greece,2024-06-28
397,Michele Harvey,32,Luxembourg,2024-04-25
398,Kim Miles,51,Tokelau,2025-01-12
399,Raymond Fry,18,Australia,2023-11-26
400,Cole Andrews,45,Saudi Arabia,2025-01-16
401,Connor Edwards,51,Gambia,2024-02-05
402,Oscar Lewis,29,Brunei Darussalam,2023-11-08
403,Terri Turner,43,Angola,2024-11-24
404,Brandi Wells,38,Bahrain,2024-01-06
405,Miguel Chavez,28,Senegal,2024-01-19
406,Michael Gomez,34,Zambia,2024-04-01
407,Allison Gill,45,Guadeloupe,2023-06-12
408,Chris Wallace,59,Brazil,2024-10-28
409,Keith Brown,57,Central African Republic,2025-03-01
410,David Taylor,36,United States Virgin Islands,2024-01-31
411,Ethan Mahoney,21,Norfolk Island,2024-01-17
412,Jason Thomas,47,Slovakia (Slovak Republic),2023-11-22
413,Shannon Mckee,59,Brunei Darussalam,2024-09-12
414,Sara Johnson,50,Lao People's Democratic Republic,2024-10-14
415,Shannon Henry,35,Serbia,2024-05-04
416,William Martinez,50,Puerto Rico,2024-07-16
417,Stephanie Floyd,28,Kiribati,2024-08-04
418,Nicholas Harmon,18,Canada,2024-03-21
419,Jacqueline Hernandez,41,French Guiana,2024-12-15
420,Sara Fernandez,23,Saint Vincent and the Grenadines,2023-06-18
421,Benjamin Liu,30,Netherlands,2023-08-11
422,Jodi Newton,35,Madagascar,2025-01-19
423,Erika Anderson,57,Cameroon,2023-08-07
424,David Fernandez,23,Guernsey,2023-09-28
425,Heather Perry,47,Comoros,2024-07-08
426,Ashley Ramirez,53,North Macedonia,2024-08-26
427,Benjamin Farmer,18,Denmark,2024-02-06
428,Vicki Rodriguez,60,France,2025-02-23
429,Kristin Freeman,58,Malaysia,2023-03-04
430,Antonio Hanson,60,United Arab Emirates,2024-12-08
431,Stacy Lewis,19,Canada,2024-06-06
432,Michael Kelly,36,Senegal,2024-12-24
433,Johnathan Love,23,Mexico,2023-06-05
434,Rick Harris,32,Timor-Leste,2023-06-01
435,Christopher Mcbride,55,Macao,2024-04-12
436,Victor Huerta,18,Mexico,2023-03-26
437,Shannon Best,42,Burundi,2023-11-08
438,Juan Morris,20,British Indian Ocean Territory (Chagos Archipelago),2024-08-31
439,Randy Espinoza,56,Germany,2024-04-10
440,Paul Davis,20,Saint Barthelemy,2025-01-06
441,Joshua Jarvis,51,Norway,2024-04-28
442,Mr. Tyler Howard,39,Jordan,2023-10-20
443,Brian Martin,47,Luxembourg,2024-04-11
444,Sarah Carson,33,Kenya,2024-01-23
445,Tiffany Stein,43,South Georgia and the South Sandwich Islands,2023-05-17
446,Heather Wallace,47,Monaco,2024-11-30
447,Andrew Moody,24,Seychelles,2024-11-10
448,Jerry Rodriguez,31,Comoros,2024-07-13
449,Julie Mcknight,24,Guatemala,2023-07-01
450,Lonnie Johnson,33,Samoa,2024-12-02
451,Sarah West,47,Japan,2023-05-16
452,Tiffany Oconnor,53,Equatorial Guinea,2024-10-30
453,Sheri Dominguez,56,Norway,2023-04-01
454,Henry Adams,39,Liberia,2023-04-12
455,John Saunders,34,Afghanistan,2024-04-27
456,Henry Reynolds,36,France,2023-10-18
457,Gina Morales,23,Morocco,2023-10-21
458,Amanda Sandoval,44,Korea,2024-01-24
459,Daniel Davis,21,Azerbaijan,2024-10-19
460,Ryan Martin,18,Mayotte,2025-02-28
461,Kimberly Griffith,24,United States Minor Outlying Islands,2025-02-07
462,Robert Cruz,56,Western Sahara,2023-11-07
463,Kimberly Garcia,25,United States Minor Outlying Islands,2025-01-09
464,Alexis Ramirez,38,Saint Barthelemy,2024-01-01
465,Dr. Karen Anderson,42,Brunei Darussalam,2025-02-04
466,Gilbert Solis,29,French Guiana,2024-03-27
467,Jonathan Green,26,Grenada,2023-03-07
468,Alyssa Walker,53,Liberia,2023-10-28
469,Dr. Carrie Turner,36,Belize,2025-02-26
470,Emily Martin,30,Tajikistan,2025-01-17
471,Rachel Nelson,50,North Macedonia,2024-09-21
472,Jennifer Gallegos,49,Jordan,2023-04-26
473,James Henson,25,Samoa,2025-02-12
474,David Boyd,58,South Africa,2025-01-06
475,Kevin Moore,55,United Arab Emirates,2024-02-22
476,Gregory Cross,27,Ghana,2024-01-09
477,John Valdez,52,Egypt,2024-07-17
478,Jamie Duran,33,Zambia,2024-04-19
479,Miguel Oconnor,38,Chile,2024-02-18
480,Sandra Vasquez,56,Martinique,2023-10-19
481,Mary Fischer,53,Fiji,2023-08-04
482,Nicole Richardson DVM,52,Albania,2025-02-19
483,Ashley Wright,37,Burkina Faso,2025-02-11
484,Kathryn Massey,44,Gambia,2025-02-20
485,Jamie Jackson,21,Turks and Caicos Islands,2025-01-15
486,John Robinson,34,Central African Republic,2023-03-25
487,Karen Rodriguez,29,Afghanistan,2023-06-23
488,Sarah French,42,Benin,2023-03-27
489,Jennifer Logan,46,Ukraine,2024-04-11
490,Kelly Skinner,51,Denmark,2025-02-22
491,James Esparza,23,Uganda,2023-09-23
492,Amanda Bradley,26,Niger,2023-05-04
493,John Richardson,47,Qatar,2024-12-29
494,Patrick Owens,58,Argentina,2023-12-07
495,Samantha Moore,60,Nepal,2023-06-27
496,Stephanie Wolfe,44,Poland,2025-01-27
497,Steven Luna,43,Bulgaria,2024-10-04
498,Brian Potter,26,Monaco,2024-04-22
499,Zachary Simmons,57,Syrian Arab Republic,2023-09-28
500,Alyssa Fuller,26,Netherlands,2023-07-27
501,Aaron Johnson,20,Uzbekistan,2024-07-30
502,Ashley Bell,31,Georgia,2023-10-12
503,Ricardo Gill,27,Svalbard & Jan Mayen Islands,2024-03-30
504,Kyle Koch,47,Wallis and Futuna,2024-04-06
505,William Edwards DDS,41,American Samoa,2023-10-14
506,Michelle West,58,Fiji,2024-02-08
507,Kimberly Spencer,42,Monaco,2023-10-29
508,Jason Coleman,22,Egypt,2023-07-07
509,Margaret Henderson,37,Cameroon,2023-06-02
510,Jason Reynolds,35,Israel,2023-12-31
511,Kristen Lewis,22,Bangladesh,2025-01-29
512,Nicholas Mcdowell MD,18,Iraq,2024-04-05
513,Tonya Gross,49,Greece,2023-07-11
514,Leslie Moore,31,Indonesia,2023-04-19
515,Charles Tucker,26,Cambodia,2024-02-14
516,Monica Butler,35,Antigua and Barbuda,2023-08-24
517,Miranda Mayer,29,Bangladesh,2024-08-14
518,Steven Lawrence,28,Uruguay,2024-05-05
519,Terry Howard,33,Czech Republic,2023-11-18
520,Ashley Mcneil,34,Eritrea,2024-08-22
521,Daniel Spears,30,Estonia,2025-02-03
522,Jennifer Clark,28,Costa Rica,2023-12-22
523,James Johnston,19,Korea,2024-05-15
524,Tina Smith,50,Honduras,2024-12-08
525,Michael Pena,46,Norfolk Island,2024-06-25
526,Thomas Best,29,Jamaica,2024-04-06
527,Bonnie Murray,32,Mali,2024-04-14
528,Katie Andrews,38,Philippines,2023-10-06
529,Mark Bryant,60,Iran,2025-01-29
530,Jacob Howard,53,Falkland Islands (Malvinas),2023-08-06
531,Brianna Garcia,46,Lesotho,2023-09-10
532,Paul Parker,33,Belize,2024-08-28
533,Blake Smith,25,Guadeloupe,2024-07-31
534,Rachel Best,36,Afghanistan,2023-07-13
535,Victoria Morgan,33,Malawi,2024-10-12
536,Jessica Miles,20,Botswana,2024-12-17
537,James Watkins,46,Bermuda,2024-03-09
538,Lucas Cox,44,Lebanon,2025-01-25
539,Brandon Deleon,23,Cote d'Ivoire,2024-01-04
540,Jennifer Campbell,60,Eritrea,2024-06-03
541,Eric Robinson,58,Central African Republic,2023-12-11
542,Valerie Roy,20,Montenegro,2023-07-05
543,Anthony Simpson,28,Australia,2024-01-07
544,Derrick Contreras,48,Kazakhstan,2023-03-11
545,Barbara Hernandez,42,Papua New Guinea,2024-01-23
546,Cindy Collins,22,Cuba,2023-06-08
547,Cynthia Anderson,23,Puerto Rico,2023-09-10
548,Wayne Edwards,54,Bolivia,2023-07-19
549,Kelly Davis,45,India,2025-01-19
550,Derek Bird,53,Monaco,2024-02-01
551,Patricia Wagner,25,Norway,2023-10-23
552,Pamela Lee,20,Vanuatu,2023-11-14
553,Thomas Cook,49,Andorra,2023-08-31
554,Eric Davis,59,France,2023-09-21
555,Jonathan Wilson,59,Cocos (Keeling) Islands,2023-05-23
556,John Bradley,47,Maldives,2024-05-22
557,Christina Cross,60,Finland,2024-04-06
558,Ryan Kerr,60,Saint Helena,2023-12-26
559,Carlos Crane,35,South Georgia and the South Sandwich Islands,2023-08-24
560,Russell Miles,21,Argentina,2023-08-19
561,Walter Wilson,30,Barbados,2024-07-22
562,Kathleen Lopez,23,Solomon Islands,2024-12-08
563,Sandra Vang,43,Sudan,2023-04-08
564,Sarah Marshall,20,Sudan,2024-09-22
565,Jesus Hatfield,46,Cayman Islands,2023-12-17
566,Ms. Crystal Jones,42,Grenada,2024-02-19
567,Jack Barnes,23,Kyrgyz Republic,2024-07-19
568,Brandon Ward,54,Guinea,2023-04-12
569,Mitchell Wilkinson,55,Netherlands,2025-02-12
570,Jason Weber,54,Mauritania,2025-01-15
571,Brian Cole,48,Guernsey,2023-10-26
572,Tammy Welch,31,Comoros,2025-02-20
573,John Gould,52,Malawi,2023-03-13
574,Andrew Barnes,32,Papua New Guinea,2023-10-15
575,April Rios,45,Bouvet Island (Bouvetoya),2023-11-20
576,Lori Thomas,31,Japan,2024-05-17
577,Shaun Davis,40,Tajikistan,2025-03-01
578,Joe Clark,36,Netherlands Antilles,2023-11-06
579,Dustin Strickland,46,Saint Martin,2023-05-14
580,Alicia Armstrong,27,Lebanon,2023-03-23
581,Douglas Griffith,57,Poland,2024-04-19
582,Arthur Waters,23,Sao Tome and Principe,2024-06-02
583,Roberto Pena,31,Albania,2024-09-09
584,Joseph Wilson,38,Kiribati,2024-02-22
585,Cheryl Marshall,20,Ireland,2024-11-16
586,Jessica Anderson,56,Madagascar,2023-10-24
587,Nathan Miller,43,Hong Kong,2024-10-08
588,Thomas Khan Jr.,54,Anguilla,2023-05-27
589,Nancy Baldwin,36,Cambodia,2024-06-14
590,Heather Baldwin,37,Slovenia,2024-07-26
591,Jason Sanchez,29,Vanuatu,2024-05-27
592,Ryan David DVM,55,Bermuda,2023-08-13
593,Margaret Ruiz,27,Andorra,2023-05-23
594,Tyler Rogers,23,Azerbaijan,2025-03-01
595,Collin Yates,30,Argentina,2023-10-28
596,Matthew Odonnell,31,Czech Republic,2023-05-24
597,David Pitts,24,Myanmar,2023-04-29
598,Roy Edwards,39,Australia,2024-09-03
599,Cathy Brooks,47,Guinea,2023-05-08
600,Tina Meyer,37,Barbados,2023-11-05
601,Jennifer Hanna,28,Puerto Rico,2024-02-21
602,Maria Thomas MD,57,British Virgin Islands,2024-06-30
603,Cynthia Martinez,55,Cyprus,2025-01-10
604,Deanna Thornton,44,Cocos (Keeling) Islands,2023-10-13
605,Brandon Ferguson,45,Cayman Islands,2023-08-03
606,Matthew Diaz,59,Guyana,2023-06-25
607,Jeremy Dawson,28,Canada,2024-12-25
608,Justin Thomas,59,Guernsey,2024-11-15
609,Lauren Nelson,35,Bangladesh,2024-09-12
610,Brian Ryan,21,Vanuatu,2024-09-11
611,Jill Adams,50,Lao People's Democratic Republic,2024-01-08
612,Jessica Gonzalez,39,Sudan,2025-02-17
613,Miranda Johnson,57,Niue,2024-03-14
614,Andrew Potter,22,Greenland,2023-04-02
615,Ronald Osborn,56,Venezuela,2024-02-06
616,Austin Vincent,45,United States Minor Outlying Islands,2023-12-15
617,Justin Cunningham,44,United States Minor Outlying Islands,2024-06-18
618,Adam Thompson MD,41,Bosnia and Herzegovina,2023-03-05
619,Brett Lewis,43,Korea,2023-04-27
620,Dr. Christine Roberson,42,Israel,2023-07-11
621,Jennifer Clark,33,Germany,2024-12-03
622,Dustin Murray,46,Lesotho,2024-06-15
623,Marilyn Carter,57,Norway,2023-03-04
624,James Santos,41,Monaco,2023-10-27
625,Charles Grant,60,Bermuda,2024-10-04
626,Bruce Dunn,25,Aruba,2023-12-08
627,Shaun Weaver,39,Guadeloupe,2024-10-15
628,Nicole Rogers,46,Guyana,2023-08-14
629,Gary Wilcox,30,Singapore,2023-08-23
630,Glenda Alexander,52,Nauru,2024-06-18
631,Charlotte Anderson,28,Comoros,2023-08-08
632,James Garcia,22,Israel,2024-11-24
633,Timothy Henry,38,Mali,2023-11-11
634,Cynthia Alexander,40,Grenada,2025-01-08
635,Javier Ray,27,Peru,2024-04-15
636,Kristen Rodriguez,26,Guinea-Bissau,2024-08-28
637,Caroline Meyer,50,Micronesia,2023-08-31
638,John Brewer,38,Puerto Rico,2024-11-03
639,Stephen Brown,48,France,2024-10-05
640,Peter Cox,45,Cook Islands,2023-12-03
641,Aaron Thomas,51,Luxembourg,2023-12-06
642,Joseph Harris,44,Uganda,2024-10-19
643,Joseph Watson,60,Antarctica (the territory South of 60 deg S),2023-12-01
644,Amber Ryan,51,Turkmenistan,2024-04-18
645,Joseph Sherman,29,Vanuatu,2025-02-26
646,Angela Miller,47,Monaco,2023-08-06
647,Tracy Ayers,33,Burkina Faso,2024-03-22
648,William Ho,52,Brazil,2023-11-16
649,Kathryn Trujillo,58,Bangladesh,2023-04-22
650,Connor Harris,37,Jamaica,2023-09-25
651,Stephen Dodson,45,Benin,2025-01-03
652,Christina Atkins,57,Tuvalu,2024-07-12
653,Bradley Perez,50,Liberia,2023-08-01
654,William Harrison,58,Svalbard & Jan Mayen Islands,2023-04-17
655,Mark Bradley,36,New Zealand,2023-11-05
656,Matthew Lopez,26,Bulgaria,2023-07-31
657,Jeanne Velasquez,56,Chile,2024-03-23
658,Charles Barnes,47,Indonesia,2023-10-18
659,Michael Newton,20,France,2024-10-16
660,Tami Mcclain,60,Tuvalu,2023-12-10
661,Kevin Smith,25,Pakistan,2023-08-10
662,Brenda Meyers,31,Zimbabwe,2024-12-26
663,Suzanne Webb,57,Cote d'Ivoire,2024-07-16
664,Morgan Huff,18,Armenia,2023-09-22
665,Sarah Wong,27,Zimbabwe,2023-10-24
666,Kimberly Nunez,46,Israel,2023-11-05
667,Laura Robinson,22,Luxembourg,2023-03-03
668,Tina Skinner,54,Cook Islands,2024-09-01
669,Andrew Santana,33,Moldova,2023-04-23
670,Crystal Grant,31,Serbia,2024-11-21
671,Elizabeth Hernandez,21,Yemen,2023-06-08
672,Julia Walker,39,Cyprus,2025-01-13
673,William Bright,20,Pitcairn Islands,2024-05-23
674,Jeffery Branch,20,Antarctica (the territory South of 60 deg S),2023-05-24
675,Eric Howe,57,Croatia,2024-08-03
676,David Kemp MD,39,Nicaragua,2023-05-30
677,Jeremy Nichols,34,Saint Lucia,2023-07-21
678,Miranda Luna,43,Germany,2024-08-31
679,Ryan Neal,58,Anguilla,2023-06-26
680,Patricia Rodriguez,42,Ukraine,2024-10-17
681,Mr. Ryan Waters,20,Tuvalu,2024-10-27
682,Patricia Smith,39,Tonga,2023-09-16
683,Sandra Lane,44,Swaziland,2023-09-28
684,Robert Robertson,25,Jordan,2025-02-10
685,Dylan Le,30,Norway,2023-03-31
686,Caitlin Wood,26,Morocco,2024-01-05
687,Mark Smith,50,Haiti,2024-07-14
688,Richard Silva,51,Denmark,2023-10-07
689,Cynthia Wilson,55,Comoros,2024-04-29
690,Lucas Rivera,53,Bosnia and Herzegovina,2023-11-07
691,Paul Colon,18,Nauru,2023-10-06
692,Mrs. Yvonne Mullen,34,Dominica,2023-11-01
693,Edward Goodwin,39,Gabon,2023-12-30
694,Kristen Robinson,20,Equatorial Guinea,2023-03-22
695,Richard Lara,25,Lao People's Democratic Republic,2023-11-13
696,Dana Crawford,31,Equatorial Guinea,2024-02-13
697,John Martin,48,Slovenia,2024-07-29
698,Richard Bailey,42,Hong Kong,2024-12-24
699,Dr. Christopher Jackson Jr.,44,Montenegro,2023-08-15
700,Brandy Thomas,34,Yemen,2023-11-25
701,Brian Walker,60,Brunei Darussalam,2023-03-24
702,Rebecca Anderson,21,Antarctica (the territory South of 60 deg S),2023-04-05
703,Amy Mason,43,Romania,2023-06-19
704,Kaitlyn Kemp,28,Guatemala,2024-11-06
705,John Beard,37,Taiwan,2024-11-15
706,Tammy Anderson,49,Bahamas,2024-08-26
707,Jane Patterson,29,Maldives,2024-05-19
708,Shannon Holt,21,Trinidad and Tobago,2024-04-13
709,Emily Richardson,22,Haiti,2023-09-11
710,Anthony Vaughn,27,Korea,2023-08-03
711,Craig Winters Jr.,31,Syrian Arab Republic,2024-11-25
712,Daniel Norris,54,Belarus,2024-11-21
713,Cassandra Jarvis,35,Zimbabwe,2024-04-15
714,Julie Zimmerman,53,Morocco,2024-10-03
715,Ryan Garcia,39,Georgia,2024-10-18
716,Michael Bishop,29,Norway,2023-09-17
717,Kathryn Bonilla,43,Saudi Arabia,2023-08-21
718,Robert Farrell,33,Philippines,2023-06-04
719,Barbara Ward,33,Guinea-Bissau,2024-12-06
720,Jeanette Garcia,21,Congo,2024-02-27
721,John Rodriguez,57,Romania,2023-05-07
722,Kevin Williamson,47,Belize,2024-07-30
723,Olivia Riley,53,Syrian Arab Republic,2024-01-06
724,Justin Brandt,49,Benin,2024-07-15
725,Samuel Austin,47,Slovenia,2024-07-21
726,Lacey Cardenas,23,Romania,2024-12-10
727,Deborah Le,36,Zimbabwe,2023-12-19
728,Justin Johnson,25,Poland,2024-11-11
729,Timothy Fields,53,Reunion,2024-01-07
730,David Lowe,37,North Macedonia,2024-12-09
731,Kayla Terrell,59,Guinea-Bissau,2024-12-15
732,Joseph Wilson,39,Botswana,2024-09-05
733,Renee Hanson,51,India,2023-11-01
734,Adam James,43,Belarus,2024-04-24
735,Kristen Marsh,28,Netherlands Antilles,2024-03-05
736,Colleen Torres,28,Poland,2023-10-03
737,Alan Bass,49,Maldives,2024-06-27
738,Brenda Davis,23,Dominican Republic,2023-03-29
739,Christopher Reed,41,Faroe Islands,2023-05-15
740,Heather Reeves,54,Tonga,2023-05-15
741,Lisa Cooper,19,United States Minor Outlying Islands,2024-04-15
742,Yvonne Richardson,53,Greece,2023-04-23
743,Linda Wade,45,Bhutan,2024-06-19
744,William Lopez,32,Micronesia,2023-10-11
745,Kristin Lambert,18,Korea,2024-12-18
746,Jason Mccormick,37,Haiti,2024-03-20
747,Kenneth Montgomery,21,Congo,2023-05-13
748,Andrew Clark,50,Madagascar,2023-07-17
749,Nicholas Jenkins,23,British Indian Ocean Territory (Chagos Archipelago),2024-12-16
750,Julia Stevens,39,Aruba,2023-12-07
751,William Holt,47,Vietnam,2023-06-25
752,Dorothy Anderson,60,Seychelles,2024-05-20
753,Tyler Martinez,27,Guam,2024-07-11
754,James Hill,55,Jordan,2023-09-03
755,Thomas Warren,30,Kuwait,2023-06-21
756,Melissa Owen,39,Aruba,2024-11-25
757,Christine Carpenter,53,Greece,2024-03-31
758,Gabrielle Ray,22,Pitcairn Islands,2024-11-16
759,Andrea Dean,51,Pakistan,2023-05-26
760,Margaret Weaver,45,Botswana,2023-12-07
761,Frank Hill,24,Angola,2023-12-18
762,Douglas Farmer,21,Andorra,2023-08-17
763,William Harvey,54,Bahamas,2023-06-09
764,Kathy York,23,Philippines,2024-09-02
765,Samantha Gomez MD,25,Niue,2023-05-21
766,Andrew Graham,19,Indonesia,2024-03-16
767,Krista Allen,21,Fiji,2024-09-19
768,Garrett Morton,21,Sao Tome and Principe,2024-09-10
769,Diane Anderson,29,Paraguay,2025-02-12
770,Holly Russell,29,Estonia,2024-06-04
771,Carlos Williams,39,Brunei Darussalam,2023-09-14
772,Charles Sims,27,Peru,2023-11-17
773,Michael Adams,28,Cambodia,2024-05-19
774,Benjamin Serrano,51,Nepal,2025-02-14
775,Kristi Salazar,43,Japan,2024-09-16
776,Michael Foster,25,Zambia,2024-03-20
777,Robert Williams,53,Burundi,2024-06-01
778,James Sosa,51,Trinidad and Tobago,2024-02-26
779,Erika Wilson,56,Vietnam,2023-07-21
780,Michael Hopkins,34,Comoros,2025-02-08
781,Lindsay Campbell,23,French Guiana,2023-07-05
782,Deborah Hansen,50,Netherlands Antilles,2024-03-21
783,Kimberly Young,28,Guinea-Bissau,2025-02-28
784,Shawn Hancock,58,Netherlands,2024-02-17
785,Troy Hernandez,42,Lesotho,2024-09-19
786,Julian Bell,37,Saint Vincent and the Grenadines,2025-02-14
787,Rebecca Francis,25,Guernsey,2024-04-23
788,Anthony Oneill,19,Somalia,2023-05-23
789,Angie Smith,35,Latvia,2023-08-08
790,Michael Green,24,Benin,2024-11-28
791,Leslie Ward,45,Israel,2024-01-17
792,Julie Liu,36,Iraq,2025-02-04
793,Joseph Gould,21,Ecuador,2023-03-31
794,Anthony Chambers,55,Montenegro,2024-06-25
795,Melissa Nguyen,28,Saint Vincent and the Grenadines,2023-05-24
796,Paula Walker,29,Jamaica,2024-07-22
797,Jacob Hughes,41,Liberia,2024-07-11
798,Raymond Webster,45,British Indian Ocean Territory (Chagos Archipelago),2023-03-26
799,John Aguilar,41,Saint Barthelemy,2023-03-14
800,Stuart Cook,26,Oman,2024-07-16
801,Nathaniel Perez,56,San Marino,2024-12-29
802,Tracie Choi,20,Ghana,2024-02-13
803,Zachary Nguyen,29,Burundi,2024-06-20
804,Gerald Lewis,32,Honduras,2024-09-30
805,Gregory Bird,56,Latvia,2024-02-09
806,Connie Taylor,38,Greenland,2024-02-24
807,Nicole Curry,36,Dominica,2024-05-23
808,Jason Barnes,59,Denmark,2024-02-13
809,Douglas Powell,30,United States Virgin Islands,2024-12-25
810,Mark Galvan,36,Myanmar,2024-06-26
811,Robert Pacheco,39,Cook Islands,2024-05-30
812,Evelyn Wiggins,25,Singapore,2024-08-22
813,Gabriella Anderson,60,Jersey,2024-02-19
814,Katrina Robinson,22,Zimbabwe,2025-01-17
815,Mallory Wright,27,Uruguay,2023-08-29
816,Brianna Turner,27,China,2025-01-10
817,Corey Arnold,26,Namibia,2024-03-05
818,Stephanie Mckee,53,Central African Republic,2024-03-17
819,Francisco Perez,55,French Polynesia,2023-08-04
820,Natasha Le,55,Venezuela,2024-03-11
821,Jenny Abbott,56,Mauritania,2024-05-13
822,Luke Bridges,27,Sierra Leone,2024-07-30
823,Kimberly Blankenship DDS,41,Ecuador,2023-11-11
824,Jessica Allen,40,Reunion,2023-06-14
825,Ryan Patterson,25,Kiribati,2024-12-03
826,Karen Odom,23,Switzerland,2024-08-01
827,Alejandra Tran MD,28,Gabon,2023-04-17
828,Brent King,41,Austria,2024-06-27
829,Joshua Thompson,25,Saint Pierre and Miquelon,2023-05-02
830,Jonathan Parks,27,Equatorial Guinea,2023-03-15
831,Stacy Rivera,22,Suriname,2023-07-17
832,Roy Ibarra,50,Sao Tome and Principe,2024-03-30
833,Sean Williams,53,Brazil,2024-05-20
834,Paul Turner,41,Dominican Republic,2024-07-04
835,Hannah Rocha,31,New Zealand,2024-07-13
836,April Fuller,33,Moldova,2025-02-13
837,Christopher Lloyd,32,Angola,2023-11-10
838,James Wang,55,Algeria,2024-01-14
839,Ashley Wagner,23,North Macedonia,2024-07-23
840,Hannah Campbell,55,Gambia,2024-12-01
841,Denise Mahoney,34,Kuwait,2023-11-25
842,Deborah Evans,38,Japan,2024-05-02
843,Mark Williams,34,France,2024-09-16
844,Jeremy Elliott,43,Brazil,2024-09-24
845,Derrick Stewart,26,Niue,2024-10-23
846,Larry Park,57,Afghanistan,2023-10-25
847,Tracy Nguyen,40,United Kingdom,2023-03-27
848,Candice Torres,38,United States Minor Outlying Islands,2025-02-25
849,Jennifer Owens,22,Hungary,2023-03-19
850,April Paul,36,Bouvet Island (Bouvetoya),2023-06-22
851,Kimberly Johnson,25,Aruba,2024-09-16
852,Nathan Walker,23,Guatemala,2024-12-07
853,Michael Taylor,20,Lao People's Democratic Republic,2024-08-12
854,Douglas Torres,47,Congo,2025-01-21
855,Robert Brown,55,Palestinian Territory,2025-01-04
856,Darren Schultz,55,Micronesia,2023-05-25
857,Lawrence Williams,52,Liberia,2024-03-17
858,Craig Hill,21,Libyan Arab Jamahiriya,2024-02-10
859,Maria Simmons,43,Puerto Rico,2024-12-30
860,Cindy Perry,47,Nigeria,2024-08-29
861,Elizabeth Clark,19,South Georgia and the South Sandwich Islands,2025-01-24
862,Melissa Andrade,51,Serbia,2024-03-21
863,Sarah Rivera,26,Malaysia,2024-11-29
864,Amy Moyer,59,Ethiopia,2023-06-18
865,Vanessa Stanley,47,Aruba,2024-11-13
866,David Erickson,50,Micronesia,2024-07-07
867,Joanna Flowers,53,Nigeria,2024-03-16
868,Anthony Barnett,60,Malawi,2025-02-09
869,Kaitlin Rodriguez,22,Andorra,2025-02-10
870,David Wells,40,Saudi Arabia,2024-03-20
871,Jeffrey Williams,60,Barbados,2024-11-28
872,Cheryl Hughes,53,Cook Islands,2024-11-07
873,Angela Mcclure,38,Greece,2023-04-27
874,Adrienne Figueroa,39,Mauritius,2024-05-17
875,Jason Adams,46,Cambodia,2023-08-18
876,Ashley Hoffman,22,Spain,2025-01-10
877,Ryan Johnson,57,Iceland,2024-04-19
878,Kelli Chapman,50,Antigua and Barbuda,2023-12-21
879,Michael Cruz,24,Svalbard & Jan Mayen Islands,2024-11-01
880,Michele Velasquez,30,Suriname,2023-12-16
881,Caroline Williams,32,New Caledonia,2024-10-01
882,Scott Wang,44,Sudan,2023-04-10
883,Lisa Raymond,38,Pitcairn Islands,2023-10-20
884,Ana Mcmillan,21,Austria,2023-07-21
885,Heather Ellis,58,Netherlands,2024-01-05
886,Micheal Smith,25,Kuwait,2024-03-15
887,John Wells,51,Holy See (Vatican City State),2024-02-26
888,John West,31,Tuvalu,2023-11-30
889,Danny Johnson,25,Philippines,2025-02-14
890,Beth Serrano,42,Kuwait,2024-05-25
891,Mason Ross,46,Niger,2024-09-24
892,Lisa Taylor,50,Saint Kitts and Nevis,2025-02-19
893,David Hill,29,Guam,2024-01-25
894,Greg Riley,48,Holy See (Vatican City State),2024-05-25
895,Derek Smith,40,France,2024-07-19
896,Angela Smith,36,Czech Republic,2024-05-20
897,Kevin Riddle,48,Saint Helena,2023-03-20
898,Bruce Day,28,Comoros,2023-10-28
899,Aaron Davis,49,Holy See (Vatican City State),2024-07-08
900,Christopher Gutierrez,37,Syrian Arab Republic,2025-01-18
901,Bruce Anderson,52,Botswana,2024-08-21
902,Keith Farmer,26,Yemen,2024-05-12
903,Jodi Garcia,22,Northern Mariana Islands,2024-08-09
904,Stephen Boyer,27,Angola,2023-10-24
905,Ann Lewis,19,Montenegro,2024-08-24
906,John Beltran,23,Tunisia,2024-11-14
907,Elizabeth Pollard,34,New Caledonia,2023-10-14
908,Anna Brown,59,Vietnam,2023-06-07
909,David Pope,27,Dominican Republic,2025-02-28
910,Evelyn Hudson,42,Nigeria,2023-03-11
911,Julia Allen,29,Norfolk Island,2023-11-23
912,Heather Douglas,35,Slovakia (Slovak Republic),2024-12-18
913,Heather Gonzalez,34,Sierra Leone,2024-02-08
914,Amber Hall,38,Bouvet Island (Bouvetoya),2024-04-18
915,Harold Thompson,23,Cyprus,2023-07-15
916,Mr. James Jordan,28,Syrian Arab Republic,2023-11-05
917,Michelle Haynes,40,Cuba,2023-03-21
918,Joseph Mccann,47,Japan,2024-03-15
919,Connor Thornton,48,Oman,2024-09-18
920,Alan Elliott,31,Serbia,2023-03-11
921,James Estrada,49,Congo,2024-01-02
922,Kelsey Patterson,47,Ethiopia,2023-07-17
923,David Boyer,27,Bangladesh,2023-07-24
924,Linda Mills,41,Finland,2024-02-07
925,Craig Ramirez,47,Palau,2024-03-01
926,Steve Weber,20,Holy See (Vatican City State),2024-12-05
927,Shane Dennis,27,Lesotho,2024-08-03
928,Aaron Perry,31,Saint Pierre and Miquelon,2025-02-13
929,John Mclaughlin,18,French Polynesia,2024-07-27
930,Jennifer Day,41,Cook Islands,2025-02-26
931,Cameron Armstrong,27,Sweden,2024-12-02
932,Joseph Ford,58,Papua New Guinea,2023-04-30
933,Michael Jackson,45,Haiti,2023-07-05
934,Hunter Goodman,60,Lithuania,2023-05-03
935,Norma Turner,47,India,2024-04-02
936,Cameron Hernandez,20,Kyrgyz Republic,2024-09-01
937,Stephanie Smith,23,Niue,2023-08-17
938,Reginald Lowery,39,Cyprus,2024-06-13
939,Ronald Green,43,Korea,2024-04-30
940,Jonathan Lewis,42,Latvia,2023-08-11
941,James Fuller,54,Sri Lanka,2023-04-17
942,Andrew Moran,28,Mayotte,2024-08-19
943,George Lopez,53,Argentina,2024-11-23
944,James Hardin,55,Gibraltar,2023-04-07
945,George Chase,23,Singapore,2023-11-14
946,Luis Rivera,28,Guyana,2024-08-18
947,Tammy Long,18,Azerbaijan,2023-10-23
948,Jeffrey Wallace,40,Greece,2024-11-09
949,Douglas Salinas,34,Indonesia,2023-03-30
950,Kevin Morton,59,India,2023-07-20
951,Michelle Stafford,24,Trinidad and Tobago,2024-03-22
952,Christina Owens,44,India,2023-10-13
953,Mrs. Sarah Meyers,18,Northern Mariana Islands,2023-09-06
954,Jason Anderson,20,Saint Lucia,2025-03-01
955,Lisa Brown,54,Guyana,2024-12-15
956,Joseph Morrow,55,Saint Helena,2023-03-11
957,Randall Richards,33,Lao People's Democratic Republic,2024-08-16
958,Crystal Velazquez,47,Kenya,2024-06-17
959,Jonathan Alvarez,55,Djibouti,2024-09-14
960,Kimberly Moore,39,Mauritius,2023-11-11
961,Louis Adams,36,Swaziland,2023-09-23
962,Dorothy Warren,43,Egypt,2024-07-03
963,Shelby Gonzales,55,Greece,2024-01-23
964,Samantha Sparks,27,France,2025-01-20
965,Dominique Hunter,34,Honduras,2024-09-25
966,Richard Wilcox,47,Nigeria,2023-04-02
967,Jamie Bishop,23,Yemen,2025-01-18
968,Carrie Kirby,39,South Georgia and the South Sandwich Islands,2024-08-07
969,Christie Stokes,50,Romania,2023-07-12
970,Jessica Simon,24,China,2023-04-15
971,Nathan Clayton,48,Congo,2024-10-20
972,Sandra Ho,50,Denmark,2024-11-10
973,Daniel Dillon,59,Morocco,2024-11-25
974,Dawn Mclean,60,Estonia,2024-08-24
975,Dr. David Sanders Jr.,58,Indonesia,2023-09-09
976,Ronald Thompson,38,Panama,2023-03-23
977,Amanda Blair,42,Timor-Leste,2024-08-25
978,Mrs. Grace Solis,39,Congo,2023-05-09
979,Tiffany Allen,37,Israel,2023-10-17
980,Caroline Campbell,45,Korea,2024-06-30
981,Karen Villarreal,60,Finland,2024-02-09
982,Mr. Logan Armstrong,26,Saint Barthelemy,2024-12-13
983,Lacey Walsh,39,Uganda,2023-03-21
984,Amy Hughes,30,Paraguay,2024-06-20
985,Christina Jones,54,Iceland,2024-10-11
986,Miguel Hogan,24,Ukraine,2023-04-19
987,Colin Watson,25,United States of America,2024-08-15
988,Robert Dixon,42,Sudan,2024-01-18
989,Jeremy Torres,29,Suriname,2023-06-14
990,Benjamin Sanchez,39,Romania,2023-03-30
991,Stephanie Adams,46,Togo,2024-11-18
992,Amanda Gill,49,Bangladesh,2024-04-30
993,Juan Ball,35,Bangladesh,2024-01-22
994,Gabriel Miles,20,Angola,2025-02-07
995,April Carter,53,Palau,2023-04-27
996,Daniel Barrera,52,Saint Lucia,2025-01-09
997,Kelly Luna,39,Pitcairn Islands,2023-09-08
998,Elizabeth Ward,25,Estonia,2024-02-08
999,Jennifer Wilson,44,Taiwan,2024-09-15
1000,Albert Mullen,38,Montenegro,2024-09-09
